{
  "name" : "MyTestJobFromPython",
  "sourceOrgId" : "fg1dzqDZ1K3lbHp8uq5vQB",
  "sourceOrgName" : "GCS IICS",
  "exportedObjects" : [ {
    "objectGuid" : "848Au1yuOzAcdxJMgPkdqy",
    "objectName" : "__ff",
    "objectType" : "Connection",
    "path" : "/SYS",
    "metadata" : {
      "modelVersion" : {
        "major" : 0,
        "minor" : 0
      },
      "repoInfo" : {
        "repoHandle" : "015ZHE0B00000000001E"
      },
      "objectRefs" : [ "95OeUg6sjYVhH6zxQUB76k" ],
      "contextAttributes" : [ {
        "name" : "id",
        "value" : "@1"
      } ],
      "additionalInfo" : {
        "description" : null,
        "contentType" : "JSON",
        "documentState" : "COMPLETE"
      }
    }
  }, {
    "objectGuid" : "aeOwF2U4Uauf5fdiFwaLCz",
    "objectName" : "infapy",
    "objectType" : "Project",
    "path" : "/Explore",
    "metadata" : {
      "modelVersion" : {
        "major" : 0,
        "minor" : 0
      },
      "repoInfo" : null,
      "objectRefs" : [ ],
      "contextAttributes" : [ ],
      "additionalInfo" : {
        "description" : "",
        "contentType" : "Binary",
        "documentState" : "COMPLETE"
      }
    }
  }, {
    "objectGuid" : "1QcjcQ9hXwwcqW1P93354V",
    "objectName" : "mt_infapy_test",
    "objectType" : "MTT",
    "path" : "/Explore/infapy",
    "metadata" : {
      "modelVersion" : {
        "major" : 0,
        "minor" : 0
      },
      "repoInfo" : {
        "repoHandle" : "015ZHE0Z0000000000F8"
      },
      "objectRefs" : [ "848Au1yuOzAcdxJMgPkdqy", "95OeUg6sjYVhH6zxQUB76k", "3vVj4xdOpKsgAqwRSyhQM3" ],
      "contextAttributes" : [ {
        "name" : "id",
        "value" : "@1"
      } ],
      "additionalInfo" : {
        "description" : "",
        "contentType" : "JSON",
        "documentState" : "VALID"
      }
    }
  }, {
    "objectGuid" : "3vVj4xdOpKsgAqwRSyhQM3",
    "objectName" : "m_infapy_test",
    "objectType" : "DTEMPLATE",
    "path" : "/Explore/infapy",
    "metadata" : {
      "modelVersion" : {
        "major" : 0,
        "minor" : 0
      },
      "repoInfo" : {
        "repoHandle" : "015ZHE170000000000FI"
      },
      "objectRefs" : [ "848Au1yuOzAcdxJMgPkdqy" ],
      "contextAttributes" : [ {
        "name" : "id",
        "value" : "@1"
      } ],
      "additionalInfo" : {
        "description" : "",
        "contentType" : "JSON",
        "documentState" : "VALID"
      }
    }
  }, {
    "objectGuid" : "95OeUg6sjYVhH6zxQUB76k",
    "objectName" : "prashanth-sbx",
    "objectType" : "AgentGroup",
    "path" : "/SYS",
    "metadata" : {
      "modelVersion" : {
        "major" : 0,
        "minor" : 0
      },
      "repoInfo" : {
        "repoHandle" : "015ZHE25000000000006"
      },
      "objectRefs" : [ ],
      "contextAttributes" : [ {
        "name" : "id",
        "value" : "@1"
      } ],
      "additionalInfo" : {
        "description" : null,
        "contentType" : "JSON",
        "documentState" : "VALID"
      }
    }
  } ]
}