{
  "name" : "MyTestJobFromPython",
  "sourceOrgId" : "fg1dzqDZ1K3lbHp8uq5vQB",
  "sourceOrgName" : "GCS IICS",
  "exportedObjects" : [ {
    "objectGuid" : "fbCKyij8Te2blUUMCDR5EE",
    "objectName" : "mt_requestBin_restV2_test",
    "objectType" : "MTT",
    "path" : "/Explore/Test",
    "metadata" : {
      "modelVersion" : {
        "major" : 0,
        "minor" : 0
      },
      "repoInfo" : {
        "repoHandle" : "015ZHE0Z0000000000F0"
      },
      "objectRefs" : [ "848Au1yuOzAcdxJMgPkdqy", "0ibmoas1ogLhpd5fZ8sJS5", "eUKxXvU4fYbbZTklAZsoIy", "95OeUg6sjYVhH6zxQUB76k" ],
      "contextAttributes" : [ {
        "name" : "id",
        "value" : "@1"
      } ],
      "additionalInfo" : {
        "description" : "",
        "contentType" : "JSON",
        "documentState" : "VALID"
      }
    }
  }, {
    "objectGuid" : "848Au1yuOzAcdxJMgPkdqy",
    "objectName" : "__ff",
    "objectType" : "Connection",
    "path" : "/SYS",
    "metadata" : {
      "modelVersion" : {
        "major" : 0,
        "minor" : 0
      },
      "repoInfo" : {
        "repoHandle" : "015ZHE0B00000000001E"
      },
      "objectRefs" : [ "95OeUg6sjYVhH6zxQUB76k" ],
      "contextAttributes" : [ {
        "name" : "id",
        "value" : "@1"
      } ],
      "additionalInfo" : {
        "description" : null,
        "contentType" : "JSON",
        "documentState" : "COMPLETE"
      }
    }
  }, {
    "objectGuid" : "eUKxXvU4fYbbZTklAZsoIy",
    "objectName" : "_prashanthWin_requestbin",
    "objectType" : "Connection",
    "path" : "/SYS",
    "metadata" : {
      "modelVersion" : {
        "major" : 0,
        "minor" : 0
      },
      "repoInfo" : {
        "repoHandle" : "015ZHE0B00000000007Z"
      },
      "objectRefs" : [ "95OeUg6sjYVhH6zxQUB76k" ],
      "contextAttributes" : [ {
        "name" : "id",
        "value" : "@1"
      } ],
      "additionalInfo" : {
        "description" : null,
        "contentType" : "JSON",
        "documentState" : "COMPLETE"
      }
    }
  }, {
    "objectGuid" : "0ibmoas1ogLhpd5fZ8sJS5",
    "objectName" : "m_requestBin_restV2_test",
    "objectType" : "DTEMPLATE",
    "path" : "/Explore/Test",
    "metadata" : {
      "modelVersion" : {
        "major" : 0,
        "minor" : 0
      },
      "repoInfo" : {
        "repoHandle" : "015ZHE170000000000FC"
      },
      "objectRefs" : [ "eUKxXvU4fYbbZTklAZsoIy" ],
      "contextAttributes" : [ {
        "name" : "id",
        "value" : "@1"
      } ],
      "additionalInfo" : {
        "description" : "",
        "contentType" : "JSON",
        "documentState" : "INVALID"
      }
    }
  }, {
    "objectGuid" : "95OeUg6sjYVhH6zxQUB76k",
    "objectName" : "prashanth-sbx",
    "objectType" : "AgentGroup",
    "path" : "/SYS",
    "metadata" : {
      "modelVersion" : {
        "major" : 0,
        "minor" : 0
      },
      "repoInfo" : {
        "repoHandle" : "015ZHE25000000000006"
      },
      "objectRefs" : [ ],
      "contextAttributes" : [ {
        "name" : "id",
        "value" : "@1"
      } ],
      "additionalInfo" : {
        "description" : null,
        "contentType" : "JSON",
        "documentState" : "VALID"
      }
    }
  }, {
    "objectGuid" : "7AnCGlx0KmrgY1G6n2Rdm0",
    "objectName" : "Test",
    "objectType" : "Project",
    "path" : "/Explore",
    "metadata" : {
      "modelVersion" : {
        "major" : 0,
        "minor" : 0
      },
      "repoInfo" : null,
      "objectRefs" : [ ],
      "contextAttributes" : [ ],
      "additionalInfo" : {
        "description" : "",
        "contentType" : "Binary",
        "documentState" : "COMPLETE"
      }
    }
  } ]
}